date,lower_quartile_value,median_value,upper_quartile_value,sample_mean,sample_std
1/07/2012,,,,,
2/07/2012,306564.53,345000,400000,12.77615109,0.201804842
3/07/2012,306663.8389,345000,400000,12.77621236,0.201725631
4/07/2012,306734.2214,345000,400000,12.77626635,0.201692169
5/07/2012,306795.8136,345000,400000,12.77631813,0.201673836
6/07/2012,306855.1686,345000,400000,12.77637971,0.201670566
7/07/2012,306913.3498,345000,400000,12.7764521,0.201683389
8/07/2012,306970.1573,345000,400000,12.77654138,0.201717811
9/07/2012,307024.2818,345000,400000,12.77664877,0.201776054
10/07/2012,307076.2815,345000.0726,400000,12.77678304,0.201861473
11/07/2012,307125.23,345001.6147,400000,12.77694221,0.201971804
12/07/2012,307184.4728,345005.9586,400000,12.77713905,0.202102249
13/07/2012,307228.077,345015.7035,400000,12.77734923,0.20226044
14/07/2012,307268.466,345025.2542,400000,12.77752347,0.202431444
15/07/2012,307306.2564,345036.0038,400000,12.77765169,0.202605011
16/07/2012,307338.6081,345045.4765,400000,12.7777163,0.202785571
17/07/2012,307363.2683,345050.8568,400000,12.77770127,0.202970004
18/07/2012,307380.1935,345050.3154,400000,12.77761209,0.203154552
19/07/2012,307391.2997,345044.0037,400000,12.7774728,0.203333804
20/07/2012,307400.3723,345033.9905,400000,12.77732735,0.203506105
21/07/2012,307410.7998,345023.1374,400000,12.7772094,0.203668744
22/07/2012,307428.9662,345013.1967,400000,12.77715094,0.203825697
23/07/2012,307458.3965,345005.591,400000,12.77716267,0.203981995
24/07/2012,307509.8162,345000,400000,12.77724854,0.204138937
25/07/2012,307585.9948,345000,400000,12.77740115,0.204294574
26/07/2012,307687.5261,345000,400000,12.77758465,0.204462062
27/07/2012,307819.5934,345000,400000,12.77778867,0.204633583
28/07/2012,307976.1661,345000,400000,12.77799763,0.20480859
29/07/2012,308147.4999,345000,400000,12.77820545,0.204980635
30/07/2012,308327.41,345000,400000,12.77840361,0.205142335
31/07/2012,308482.2671,345000,400000,12.77857037,0.205293279
1/08/2012,308610.94,345000,400000,12.77870885,0.205430592
2/08/2012,308699.2424,345000,400000,12.77881759,0.205555217
3/08/2012,308746.9474,345000,400000,12.77889123,0.205667363
4/08/2012,308758.0057,345000,400000,12.7789327,0.205772829
5/08/2012,308752.8437,345000,400000,12.77897337,0.20587387
6/08/2012,308741.8953,345000,400000,12.77900805,0.205971087
7/08/2012,308749.4539,345000,400000,12.7790481,0.206062195
8/08/2012,308775.5368,345000,399993.2387,12.77903626,0.206069534
9/08/2012,308827.4134,345000,399984.6673,12.77898392,0.206008346
10/08/2012,308898.3624,345000,399974.9532,12.77887274,0.205858464
11/08/2012,308988.7895,345000,399964.044,12.77869618,0.205612426
12/08/2012,309088.5443,345000,399855.1025,12.77842047,0.205227944
13/08/2012,309198.3523,345000,399677.3317,12.77809312,0.204764082
14/08/2012,309314.0487,345000,399418.6584,12.77777518,0.20425131
15/08/2012,309435.5286,345000,399096.0687,12.7774948,0.203732539
16/08/2012,309559.5683,345002.9062,398744.2311,12.77730149,0.203242723
17/08/2012,309681.1518,345005.2693,398402.6351,12.77721086,0.202807975
18/08/2012,309783.3931,345008.3704,398140.718,12.77723223,0.202458909
19/08/2012,309871.7154,345015.1345,397994.2007,12.77738742,0.202234394
20/08/2012,309933.4501,345030.7844,397947.4486,12.7776031,0.202072701
21/08/2012,309971.3251,345056.3005,397975.1343,12.77785851,0.201971733
22/08/2012,309995.2166,345095.1325,398037.2864,12.7781325,0.20190987
23/08/2012,310000,345151.2823,398161.5102,12.77843149,0.201909381
24/08/2012,310000,345225.2131,398255.3812,12.77871341,0.201904524
25/08/2012,310000,345315.0017,398338.6609,12.77897844,0.20190921
26/08/2012,310000,345414.1616,398414.9133,12.77924037,0.201922345
27/08/2012,310000,345516.7432,398502.915,12.77948911,0.201946631
28/08/2012,310000,345624.7397,398636.9438,12.77973578,0.20198418
29/08/2012,310000,345733.065,398764.0631,12.77996767,0.202024534
30/08/2012,310000,345821.38,398829.512,12.78016081,0.20208053
31/08/2012,310000,345903.0646,398831.1702,12.78031454,0.202134988
1/09/2012,310000,345977.2049,398758.2008,12.78042975,0.202190405
2/09/2012,310000,346081.8933,398657.5106,12.78054395,0.202275065
3/09/2012,310000,346212.4172,398512.2294,12.78065469,0.202373457
4/09/2012,310000,346389.7288,398406.4848,12.78080018,0.202500081
5/09/2012,310000,346623.1497,398391.2667,12.78100233,0.20264432
6/09/2012,310000,346907.5735,398485.2417,12.78127227,0.202798847
7/09/2012,310000,347220.7475,398679.4347,12.7815961,0.202951643
8/09/2012,310000,347539.6034,398924.0496,12.78198116,0.203086133
9/09/2012,310000,347848.6106,399195.4596,12.78241449,0.203204124
10/09/2012,310000,348140.3328,399463.2156,12.78288997,0.20329369
11/09/2012,310000,348379.8705,399620.9411,12.78331212,0.203362029
12/09/2012,310000,348585.0125,399678.145,12.78369198,0.203412194
13/09/2012,310000,348737.4503,399627.5422,12.78398185,0.203437062
14/09/2012,310000,348866.6695,399564.2874,12.78419125,0.203455097
15/09/2012,310000,348967.2647,399472.5289,12.78431632,0.203463784
16/09/2012,310000,349044.161,399400.7979,12.78438686,0.2034704
17/09/2012,310000,349111.3014,399390.8442,12.78446245,0.203476272
18/09/2012,310000,349180.1508,399441.0126,12.78458935,0.203487888
19/09/2012,310000,349254.217,399540.0862,12.78478028,0.203513059
20/09/2012,310000,349335.8803,399664.7172,12.78504901,0.203544724
21/09/2012,310000,349429.8469,399783.4765,12.78538145,0.203585559
22/09/2012,310000,349534.4655,399898.6243,12.78579492,0.203640043
23/09/2012,310003.3554,349630.4247,399966.2934,12.7862055,0.203689695
24/09/2012,310036.2851,349716.0484,400000,12.7866086,0.203727939
25/09/2012,310107.6753,349788.4898,400000,12.78700465,0.20375921
26/09/2012,310229.3454,349846.8031,400000,12.78739219,0.203776584
27/09/2012,310408.8717,349892.8897,400000,12.78776811,0.203781927
28/09/2012,310636.4343,349925.4257,400015.0513,12.78812217,0.203785177
29/09/2012,310907.0753,349947.0745,400036.5799,12.78845044,0.203798295
30/09/2012,311196.2054,349960.5032,400073.9688,12.78875147,0.203824368
1/10/2012,311480.2742,349967.7066,400132.1179,12.78902611,0.203871424
2/10/2012,311765.3408,349971.1505,400230.4462,12.78929073,0.203947353
3/10/2012,312054.0168,349974.1265,400364.1937,12.78954482,0.204042076
4/10/2012,312359.9971,349977.5446,400535.8645,12.78981066,0.204153537
5/10/2012,312688.849,349981.3645,400744.0778,12.79009653,0.204274555
6/10/2012,313015.8781,349985.3151,400983.7571,12.79039484,0.204383926
7/10/2012,313345.0279,349989.1275,401242.4901,12.79070688,0.204482366
8/10/2012,313645.3769,349992.4915,401506.9679,12.79102355,0.204566548
9/10/2012,313913.2753,349995.296,401755.0535,12.7913326,0.204630618
10/10/2012,314119.2969,349997.0221,402001.7567,12.79164552,0.204675948
11/10/2012,314279.856,349997.981,402234.612,12.7919557,0.204713614
12/10/2012,314416.4504,349998.371,402448.9667,12.79226104,0.204739351
13/10/2012,314540.3734,349998.2964,402645.1146,12.79258043,0.204749169
14/10/2012,314660.3451,349998.1105,402831.2354,12.79291989,0.204742276
15/10/2012,314772.5486,349998.0027,402999.4603,12.79326942,0.204713846
16/10/2012,314865.4334,349998.1174,403145.7074,12.79362338,0.204662447
17/10/2012,314957.913,349998.43,403271.5065,12.79397942,0.20460194
18/10/2012,315016.602,349998.8417,403379.1717,12.79432143,0.204529993
19/10/2012,315058.1599,349999.2443,403489.0401,12.7946548,0.204460072
20/10/2012,315099.1767,349999.6187,403595.4667,12.79497869,0.20438666
21/10/2012,315165.1539,349999.8808,403708.5051,12.79529201,0.204321706
22/10/2012,315255.4464,350000,403833.2704,12.79561136,0.204257018
23/10/2012,315372.2926,350000,403971.8118,12.79594725,0.20419732
24/10/2012,315505.6852,350000,404109.9555,12.79628222,0.204136829
25/10/2012,315649.6731,350000,404247.4021,12.79661996,0.204075311
26/10/2012,315791.0294,350000,404382.4889,12.79696383,0.204016664
27/10/2012,315922.8104,350000,404502.6953,12.79729792,0.203968537
28/10/2012,316040.2571,350000,404615.1341,12.79762258,0.203933587
29/10/2012,316141.4615,350000,404709.8528,12.79792134,0.203906176
30/10/2012,316230.2909,350000,404782.189,12.79819707,0.203888372
31/10/2012,316303.0639,350000,404859.8208,12.79847195,0.203861668
1/11/2012,316367.0949,350000,404927.4824,12.79873687,0.203812865
2/11/2012,316424.4361,350000,405001.82,12.79900579,0.203744366
3/11/2012,316471.3454,350000,405091.913,12.79928548,0.203653666
4/11/2012,316511.8446,350000,405207.1446,12.7995853,0.203553047
5/11/2012,316549.2992,350000,405349.8022,12.79990871,0.203458992
6/11/2012,316582.3966,350000,405507.3329,12.80023925,0.203382067
7/11/2012,316612.4116,350000,405673.8642,12.80056886,0.203325811
8/11/2012,316639.4044,350000,405824.6219,12.80087801,0.20328688
9/11/2012,316666.0695,350000,406017.2175,12.80121306,0.203275952
10/11/2012,316687.392,350000,406268.2962,12.80153707,0.203268982
11/11/2012,316705.1394,350000,406587.1011,12.80186228,0.203275774
12/11/2012,316725.2526,350000,406941.2445,12.80220353,0.203258761
13/11/2012,316745.5946,350000,407328.836,12.80254342,0.20322193
14/11/2012,316767.2048,350000,407751.067,12.8028759,0.203166393
15/11/2012,316788.9608,350000,408132.9421,12.80317427,0.203083645
16/11/2012,316809.5991,350000,408448.7306,12.80342775,0.202976527
17/11/2012,316828.52,350000,408699.0527,12.80363944,0.202852844
18/11/2012,316847.4428,350000,408909.1654,12.80384341,0.202722959
19/11/2012,316866.0864,350000,409104.5558,12.80405121,0.202594585
20/11/2012,316888.4551,350000,409272.1086,12.80426463,0.202469876
21/11/2012,316911.1181,350000,409432.1596,12.80451652,0.202357723
22/11/2012,316936.375,350000,409561.1614,12.80478981,0.2022526
23/11/2012,316964.4143,350000,409705.4545,12.80507185,0.202160923
24/11/2012,317001.448,350000,409774.8864,12.80534592,0.202066636
25/11/2012,317042.4978,350000,409757.511,12.80558147,0.201963956
26/11/2012,317091.1237,350000,409710.2563,12.80578945,0.201860734
27/11/2012,317149.4332,350000,409655.9532,12.80597051,0.201750718
28/11/2012,317211.5866,350000,409560.3702,12.80611486,0.201640927
29/11/2012,317273.2467,350000,409444.5626,12.80621541,0.201522739
30/11/2012,317323.8051,350000,409301.9618,12.80627957,0.201394732
1/12/2012,317360.8544,350000,409131.0844,12.80630217,0.201254557
2/12/2012,317385.2733,350000,408916.7374,12.80628188,0.201092001
3/12/2012,317399.3184,350000,408691.8936,12.80622927,0.200908617
4/12/2012,317397.7691,350000,408439.6531,12.80615809,0.20070111
5/12/2012,317391.4093,350000,408208.0515,12.80609266,0.200473276
6/12/2012,317388.9523,350000,408045.4638,12.80605917,0.200230966
7/12/2012,317389.08,350000,407957.6514,12.8060596,0.199978001
8/12/2012,317391.6669,350000,407941.4548,12.80610039,0.199725645
9/12/2012,317398.3758,350000,408013.5745,12.80618078,0.199470721
10/12/2012,317409.0654,350000,408142.6826,12.80628193,0.199218024
11/12/2012,317428.9449,350000,408300.3663,12.80639684,0.198966919
12/12/2012,317451.3963,350000,408446.9797,12.80650306,0.198708156
13/12/2012,317480.9018,350000,408569.4492,12.80660377,0.198448699
14/12/2012,317512.3193,350000,408628.2222,12.80667819,0.198179365
15/12/2012,317551.5128,350000,408630.6824,12.80673293,0.197906064
16/12/2012,317589.9242,350000,408593.5972,12.80676892,0.197625796
17/12/2012,317626.8932,350000.7908,408489.1822,12.80678741,0.197345341
18/12/2012,317666.0791,350001.4338,408367.9225,12.80680526,0.197064061
19/12/2012,317709.3203,350002.2776,408241.0359,12.80682943,0.196786599
20/12/2012,317756.1072,350003.1699,408126.6691,12.80686317,0.196513707
21/12/2012,317803.8193,350003.8654,408003.9407,12.80689955,0.196247142
22/12/2012,317861.3159,350039.6537,407897.8964,12.80694276,0.195989142
23/12/2012,317917.0001,350068.2743,407805.8685,12.80697702,0.195736409
24/12/2012,317974.1451,350105.4856,407722.9594,12.80699304,0.1954856
25/12/2012,318022.2655,350144.6778,407657.432,12.80698793,0.195238463
26/12/2012,318064.5406,350175.0745,407602.5482,12.80696164,0.194991072
27/12/2012,318091.1653,350186.2999,407553.7657,12.80691076,0.194742459
28/12/2012,318102.5208,350173.6407,407518.755,12.80684793,0.194497553
29/12/2012,318091.8332,350142.4002,407480.7895,12.80675629,0.194270543
30/12/2012,318064.2588,350102.3156,407444.8343,12.80664955,0.194060254
31/12/2012,318025.3391,350079.1845,407385.97,12.80652025,0.193869362
1/01/2013,317978.268,350062.3138,407309.2513,12.80636828,0.193699394
2/01/2013,317926.4919,350042.5562,407214.7883,12.80619685,0.193539023
3/01/2013,317884.905,350059.2286,407107.5236,12.80601867,0.193383401
4/01/2013,317847.8572,350072.2225,406994.187,12.80583574,0.193218436
5/01/2013,317825.7849,350077.159,406885.6869,12.80566745,0.193037847
6/01/2013,317806.0508,350072.2225,406779.8884,12.80550864,0.192842456
7/01/2013,317772.0941,350059.2286,406659.9194,12.80533984,0.192649862
8/01/2013,317723.4604,350042.5562,406525.0525,12.80516257,0.192457947
9/01/2013,317653.5537,350026.7897,406371.4354,12.80497172,0.192275066
10/01/2013,317557.9902,350014.7756,406194.224,12.80475182,0.192113552
11/01/2013,317443.8123,350000,406011.9803,12.80451939,0.191976766
12/01/2013,317324.2224,350000,405828.9678,12.80428633,0.191850726
13/01/2013,317211.313,350000,405664.7081,12.80406898,0.191730487
14/01/2013,317119.2955,350000,405544.0786,12.80389142,0.191609586
15/01/2013,317055.154,350000,405475.3661,12.80376985,0.191487987
16/01/2013,317016.5235,350000,405447.4899,12.80369602,0.191358184
17/01/2013,316999.1307,350000,405457.3038,12.80366975,0.19122498
18/01/2013,317005.7287,350000,405502.968,12.80369157,0.191082699
19/01/2013,317015.9275,350000,405554.403,12.80373307,0.190937487
20/01/2013,317027.3205,350000,405606.3317,12.80378577,0.190788289
21/01/2013,317036.3019,350005.4802,405651.682,12.8038365,0.190634858
22/01/2013,317039.8861,350009.9362,405684.5165,12.80386311,0.190483833
23/01/2013,317036.6062,350029.0076,405707.6632,12.80385503,0.190338629
24/01/2013,317026.2938,350059.6668,405722.2414,12.80380881,0.19020608
25/01/2013,317010.6319,350089.7551,405716.182,12.80372554,0.190086243
26/01/2013,316989.7689,350121.1509,405703.4081,12.80360727,0.189975529
27/01/2013,316967.9143,350146.434,405686.0108,12.80347501,0.189874121
28/01/2013,316947.1834,350168.4303,405642.4553,12.80326677,0.189653195
29/01/2013,316927.4526,350170.8124,405576.6278,12.80300217,0.189326195
30/01/2013,316908.1031,350159.7728,405487.994,12.80266673,0.188864143
31/01/2013,316889.9443,350139.9825,405376.7041,12.8022571,0.188256424
1/02/2013,316872.4721,350113.9906,405241.5173,12.80178713,0.187526159
2/02/2013,316856.1365,350092.0457,405096.7671,12.80130254,0.186741219
3/02/2013,316841.2754,350064.2127,404950.2915,12.80084808,0.18598456
4/02/2013,316828.2575,350041.4056,404815.0105,12.80045936,0.185323852
5/02/2013,316817.9219,350029.7503,404704.2185,12.80016157,0.184790982
6/02/2013,316810.8123,350018.7281,404606.0706,12.79995143,0.184383382
7/02/2013,316805.3162,350010.3293,404530.4864,12.79980776,0.184081326
8/02/2013,316800.9097,350000,404485.5589,12.79974256,0.183913396
9/02/2013,316798.101,350000,404455.3717,12.79969084,0.183768376
10/02/2013,316795.9377,350019.1694,404437.2917,12.79964795,0.18364213
11/02/2013,316795.6559,350050.377,404439.5307,12.79964842,0.18357715
12/02/2013,316797.7891,350083.5335,404468.1242,12.7996919,0.183566685
13/02/2013,316802.588,350121.8324,404510.6234,12.79978432,0.18361051
14/02/2013,316809.6212,350167.8058,404571.9129,12.79992135,0.183711422
15/02/2013,316818.807,350216.3716,404639.372,12.80009419,0.183852567
16/02/2013,316827.8009,350265.26,404707.14,12.80027357,0.184013069
17/02/2013,316835.5592,350324.2764,404771.6998,12.80043754,0.18416826
18/02/2013,316841.6769,350387.2911,404823.7494,12.80057042,0.18429021
19/02/2013,316845.8013,350460.3127,404859.8779,12.80066568,0.184370709
20/02/2013,316846.7593,350541.3228,404883.3103,12.80072185,0.184411563
21/02/2013,316846.1072,350612.7298,404900.2414,12.80075541,0.184423237
22/02/2013,316843.5701,350684.6155,404909.7082,12.80076103,0.184393074
23/02/2013,316839.5686,350755.2182,404917.6423,12.80076688,0.184368763
24/02/2013,316834.6968,350815.4424,404929.2828,12.80077462,0.184350783
25/02/2013,316829.6109,350867.5911,404938.3798,12.80080232,0.184357647
26/02/2013,316824.2501,350923.5922,404958.8208,12.80084629,0.184392888
27/02/2013,316819.3792,350989.6616,404984.9291,12.80091174,0.184459856
28/02/2013,316815.2713,351062.8163,405016.7392,12.80100002,0.184556792
1/03/2013,316811.1727,351155.3319,405049.706,12.80110343,0.184686443
2/03/2013,316806.2931,351244.2604,405095.5397,12.80120614,0.184820977
3/03/2013,316798.2435,351331.1875,405141.8533,12.80128883,0.184953671
4/03/2013,316787.1184,351406.5917,405175.068,12.80134042,0.185068509
5/03/2013,316775.274,351478.9184,405195.5969,12.80137044,0.185155262
6/03/2013,316762.5255,351543.2814,405199.8069,12.80137867,0.185210316
7/03/2013,316750.9452,351603.8215,405188.2262,12.80138061,0.185238918
8/03/2013,316742.366,351668.003,405162.8808,12.80138409,0.185239069
9/03/2013,316738.067,351741.082,405125.1708,12.80141053,0.185230167
10/03/2013,316737.1052,351820.7537,405086.7745,12.80145594,0.185221969
11/03/2013,316736.7158,351899.4684,405074.1746,12.80150758,0.185227987
12/03/2013,316735.5123,351974.1316,405089.3284,12.80155964,0.185250046
13/03/2013,316731.0373,352043.2621,405125.812,12.80160131,0.185307991
14/03/2013,316723.4295,352108.8973,405192.7337,12.80163063,0.185392701
15/03/2013,316711.8211,352173.5181,405285.3393,12.80164425,0.185502092
16/03/2013,316698.4635,352245.114,405383.1253,12.8016487,0.185619187
17/03/2013,316686.3693,352336.8642,405472.6613,12.80165687,0.185731226
18/03/2013,316672.5561,352428.5717,405525.5752,12.80165083,0.185828616
19/03/2013,316652.062,352501.6628,405548.7346,12.80161704,0.185912258
20/03/2013,316622.5677,352537.198,405536.0398,12.80154666,0.18598362
21/03/2013,316580.1251,352522.8753,405489.2304,12.80142759,0.186050926
22/03/2013,316520.6068,352425.3728,405408.4132,12.80124155,0.18610816
23/03/2013,316443.9855,352252.4019,405322.7496,12.80099621,0.186172397
24/03/2013,316354.4988,352039.3759,405238.0859,12.80070925,0.186236804
25/03/2013,316268.9889,351799.3681,405162.7327,12.80040916,0.186282554
26/03/2013,316186.1289,351555.2359,405101.88,12.80008482,0.186296429
27/03/2013,316112.9403,351324.5866,405055.8897,12.79975619,0.186280551
28/03/2013,316053.2152,351119.1372,405024.7951,12.79943284,0.186232319
29/03/2013,316006.5813,350939.425,405009.8512,12.79912298,0.186160109
30/03/2013,315959.742,350807.6721,404995.6726,12.79885388,0.186087056
31/03/2013,315911.928,350729.369,404986.1416,12.79863033,0.186030595
1/04/2013,315854.9481,350702.5528,404980.7123,12.79846633,0.186009773
2/04/2013,315791.9244,350760.5834,404976.4808,12.7983872,0.186036635
3/04/2013,315725.2056,350882.286,404974.8733,12.79837694,0.186098797
4/04/2013,315651.8379,351088.7698,404976.4808,12.79842208,0.1862093
5/04/2013,315572.3971,351349.3918,404980.7123,12.79848173,0.1863491
6/04/2013,315498.4783,351647.434,404986.1416,12.79854935,0.186507873
7/04/2013,315423.7282,351947.9727,404991.276,12.79858062,0.186661217
8/04/2013,315348.3476,352233.6429,404995.1883,12.79857562,0.186805458
9/04/2013,315280.6277,352495.0465,405000,12.79854271,0.186933659
10/04/2013,315227.1811,352690.9401,405000,12.79847191,0.187033401
11/04/2013,315179.3584,352834.2209,405000,12.79839653,0.187098266
12/04/2013,315146.3791,352938.8146,405000,12.79832622,0.187125459
13/04/2013,315129.1508,353005.3954,404999.4086,12.79826025,0.187130047
14/04/2013,315117.1038,353037.1811,404998.9277,12.79819907,0.187110815
15/04/2013,315117.3765,353024.335,404996.4229,12.79813994,0.187068246
16/04/2013,315119.3148,353005.3731,404992.2447,12.79808727,0.187033108
17/04/2013,315123.0425,352973.4442,404988.1093,12.798034,0.18699989
18/04/2013,315130.0128,352924.542,404983.6768,12.79797595,0.18697536
19/04/2013,315140.642,352881.0021,404979.9842,12.79791367,0.186952972
20/04/2013,315149.1309,352838.6372,404978.1306,12.79784203,0.186928475
21/04/2013,315158.0016,352814.9259,404978.2756,12.79776754,0.186903847
22/04/2013,315165.4044,352835.4931,404978.086,12.79770459,0.186889823
23/04/2013,315164.3883,352899.22,404979.6852,12.79765482,0.186879224
24/04/2013,315155.191,352999.6635,404976.5434,12.79761985,0.186873379
25/04/2013,315142.3478,353129.1801,404972.4497,12.79760111,0.186882734
26/04/2013,315123.0063,353268.5993,404961.3832,12.79758883,0.186901488
27/04/2013,315101.3601,353405.2207,404947.2441,12.79757816,0.186923448
28/04/2013,315081.4895,353516.0305,404931.2027,12.79755283,0.186944388
29/04/2013,315063.5152,353592.5173,404915.6594,12.79750591,0.18695634
30/04/2013,315048.0341,353624.8719,404902.6014,12.79743491,0.186959131
1/05/2013,315036.6906,353632.1749,404893.447,12.79734852,0.186959808
2/05/2013,315028.1609,353609.4216,404889.2664,12.79724742,0.186949387
3/05/2013,315022.264,353545.2261,404884.8797,12.79713212,0.186938922
4/05/2013,315018.5198,353463.6894,404876.8518,12.7970203,0.18693321
5/05/2013,315014.0351,353377.1685,404869.7882,12.79691717,0.186929308
6/05/2013,315012.4722,353297.1951,404855.1807,12.79682425,0.186924631
7/05/2013,315010.7717,353225.3206,404841.47,12.79674273,0.186917473
8/05/2013,315012.5643,353171.105,404826.5132,12.79666918,0.186907997
9/05/2013,315015.2413,353149.5111,404814.4131,12.7966099,0.186896359
10/05/2013,315019.7274,353144.4822,404806.8499,12.79655571,0.186883083
11/05/2013,315024.4319,353142.4124,404803.2084,12.79649932,0.186866044
12/05/2013,315028.0996,353129.0562,404801.1076,12.79643491,0.186848155
13/05/2013,315030.1224,353096.7123,404797.6928,12.79636108,0.186835861
14/05/2013,315029.8588,353041.947,404793.8593,12.79627431,0.186823107
15/05/2013,315027.3114,352968.5924,404785.4957,12.79617828,0.186817463
16/05/2013,315023.5127,352871.7559,404771.5572,12.79606948,0.186816406
17/05/2013,315019.1802,352770.2589,404757.7911,12.79596325,0.186833763
18/05/2013,315015.3541,352672.9216,404744.4018,12.79585982,0.186866046
19/05/2013,315012.2119,352579.1767,404731.3413,12.79576218,0.186916068
20/05/2013,315010.2066,352495.8928,404723.4626,12.79567871,0.186985137
21/05/2013,315008.7795,352430.6544,404721.9179,12.79560941,0.187070297
22/05/2013,315007.5987,352383.853,404726.0997,12.79555609,0.187169248
23/05/2013,315010.6986,352404.9819,404741.3524,12.79565178,0.187462988
24/05/2013,315012.7353,352486.2719,404765.5876,12.79586642,0.187914165
25/05/2013,315015.7895,352572.9596,404797.8639,12.79617756,0.188526676
26/05/2013,315019.3707,352665.1122,404835.5978,12.79659646,0.189318883
27/05/2013,315021.8477,352732.8985,404875.9488,12.79707634,0.190240784
28/05/2013,315022.7305,352734.7573,404912.3579,12.79749973,0.191164368
29/05/2013,315021.2763,352654.9004,404942.5209,12.79780382,0.191986434
30/05/2013,315017.4483,352502.1066,404964.7934,12.79793733,0.192622455
31/05/2013,315012.5368,352303.4967,404977.2471,12.79789891,0.193052954
1/06/2013,315007.8921,352115.2727,404983.7888,12.79774143,0.193315357
2/06/2013,315004.3528,351966.6938,404986.267,12.79752624,0.193477458
3/06/2013,315000,351855.9567,404983.5847,12.7972491,0.193507755
4/06/2013,315000,351817.6681,404981.2303,12.79704844,0.193592012
5/06/2013,315000,351862.0247,404978.9513,12.79693909,0.1937377
6/06/2013,315000,351927.1059,404976.3692,12.79686869,0.193901453
7/06/2013,315000,351995.8059,404972.1219,12.7968185,0.194072883
8/06/2013,315000,352053.3148,404967.1955,12.79679658,0.194257208
9/06/2013,315000,352088.8824,404960.6336,12.79676668,0.194438816
10/06/2013,315000,352094.225,404952.7467,12.79672488,0.194618738
11/06/2013,315000,352044.2137,404944.3132,12.79667059,0.194799804
12/06/2013,315000,351918.2769,404933.4106,12.79660319,0.194982184
13/06/2013,315000,351770.0359,404921.3456,12.79653029,0.195166695
14/06/2013,315000,351590.9958,404908.6683,12.7964556,0.195358071
15/06/2013,315000,351404.9334,404895.5738,12.79638594,0.195551939
16/06/2013,315000,351237.3431,404882.3459,12.79632485,0.195749355
17/06/2013,315000,351100.0531,404868.7585,12.79627387,0.195949444
18/06/2013,315000,351026.4279,404860.7529,12.79625672,0.196152623
19/06/2013,315000,351001.34,404856.3157,12.79626216,0.196355752
20/06/2013,315000,351085.6548,404849.8913,12.79630231,0.196535831
21/06/2013,315000,351219.0666,404841.293,12.7963545,0.19669891
22/06/2013,315000,351431.7132,404828.4949,12.79642417,0.19684221
23/06/2013,315000,351699.996,404810.1977,12.79649577,0.196967621
24/06/2013,315000,351963.5806,404784.3731,12.7965504,0.197079724
25/06/2013,315000,352210.582,404752.9155,12.79657793,0.197187212
26/06/2013,315000,352353.0925,404718.5617,12.79656847,0.197301834
27/06/2013,315000,352379.0156,404686.6809,12.796532,0.197432713
28/06/2013,315000,352277.3899,404659.1527,12.79647355,0.197577356
29/06/2013,315000,352046.331,404622.2463,12.79638304,0.197742751
30/06/2013,315000,351758.0489,404578.9185,12.79628274,0.197918176
1/07/2013,315000,351404.3225,404525.8706,12.79615449,0.198121364
2/07/2013,315000,351173.5857,404469.0327,12.79603212,0.198356337
3/07/2013,315000,351050.0754,404409.29,12.79589985,0.198623209
4/07/2013,315000,351067.0436,404358.4331,12.79577604,0.198929209
5/07/2013,315000,351229.1521,404327.8031,12.79567759,0.199264363
6/07/2013,315000,351508.1329,404324.0213,12.79561686,0.19962003
7/07/2013,315000,351877.7012,404346.9263,12.79560665,0.199975659
8/07/2013,315000,352245.7707,404386.5127,12.79563557,0.20030558
9/07/2013,315000,352577.9904,404432.9953,12.79569745,0.200600037
10/07/2013,315000,352849.3881,404481.6987,12.79578156,0.200848053
11/07/2013,315000,353042.5913,404519.3138,12.79586664,0.20106458
12/07/2013,315000,353195.7713,404544.6615,12.7959457,0.201239992
13/07/2013,315000,353272.5083,404552.9598,12.79599716,0.201379642
14/07/2013,315000,353340.018,404554.7748,12.79602565,0.20150105
15/07/2013,315000,353416.4744,404552.4801,12.79603752,0.201609833
16/07/2013,314972.3817,353410.885,404537.288,12.79597659,0.201721961
17/07/2013,314919.1813,353334.0175,404510.689,12.79585378,0.20183861
18/07/2013,314834.2144,353158.1519,404471.0125,12.79566026,0.201971571
19/07/2013,314715.2363,352865.0664,404418.5125,12.79539621,0.202132614
20/07/2013,314569.2345,352459.0872,404354.9477,12.79507485,0.202320219
21/07/2013,314410.9694,352015.973,404281.5507,12.79472236,0.202518095
22/07/2013,314265.284,351551.7589,404202.6279,12.79437239,0.202710806
23/07/2013,314147.9607,351137.8663,404124.6774,12.79406142,0.202891678
24/07/2013,314068.6008,350813.1086,404049.0512,12.79380129,0.203042967
25/07/2013,314026.1323,350573.5665,403975.8828,12.7935906,0.203160528
26/07/2013,313988.3239,350392.8867,403899.9299,12.79339602,0.203250195
27/07/2013,313962.4116,350298.9089,403828.8796,12.79324247,0.203321467
28/07/2013,313911.6516,350215.1172,403750.0842,12.7930728,0.203388835
29/07/2013,313837.0113,350139.4706,403659.297,12.79289447,0.203474059
30/07/2013,313738.0113,350080.1159,403558.8444,12.7927141,0.203582102
31/07/2013,313650.0396,350040.2568,403456.1748,12.79256018,0.203714671
1/08/2013,313586.4751,350000,403349.5277,12.79244414,0.203878215
2/08/2013,313578.9853,350065.6348,403293.6991,12.79250999,0.204208924
3/08/2013,313634.3837,350178.3095,403284.7198,12.79272982,0.204669311
4/08/2013,313748.7663,350348.9937,403339.9601,12.79312927,0.205290184
5/08/2013,313908.2786,350531.707,403459.9752,12.79369488,0.206070567
6/08/2013,314100.5362,350714.5176,403633.001,12.79438493,0.206965566
7/08/2013,314280.9434,350890.8086,403826.85,12.79510068,0.207899405
8/08/2013,314435.3727,351007.7558,404009.135,12.79575078,0.208777781
9/08/2013,314549.9985,351057.0378,404151.5884,12.79626056,0.209516451
10/08/2013,314637.6224,351028.4497,404239.514,12.79661114,0.210092476
11/08/2013,314688.6719,350960.0612,404274.7085,12.79680935,0.210519701
12/08/2013,314709.0877,350868.6392,404290.2518,12.7969036,0.210865612
13/08/2013,314700.6126,350727.3234,404268.7407,12.79686539,0.21109074
14/08/2013,314674.6428,350588.4655,404263.9147,12.79683457,0.211347704
15/08/2013,314628.1034,350445.7875,404274.8176,12.79680437,0.211632427
16/08/2013,314557.2053,350328.1815,404296.7027,12.79676799,0.211930553
17/08/2013,314473.1727,350215.89,404321.7454,12.7967231,0.212219173
18/08/2013,314384.8826,350106.7539,404339.1707,12.79666333,0.212472226
19/08/2013,314299.2969,350039.2731,404346.6764,12.79659307,0.212683046
20/08/2013,314217.3683,350003.2036,404340.365,12.79650522,0.212848916
21/08/2013,314139.0135,350000.8099,404320.1544,12.79640245,0.212976263
22/08/2013,314065.821,350000,404291.2864,12.79628999,0.213081152
23/08/2013,314002.752,350000,404253.8962,12.79617556,0.21315765
24/08/2013,313933.2161,350000,404218.8115,12.79606233,0.213240979
25/08/2013,313861.8926,350000,404181.0998,12.79594612,0.213321046
26/08/2013,313792.6503,350000,404141.9339,12.79583719,0.213393605
27/08/2013,313730.1353,350000,404100.7125,12.79573746,0.213456594
28/08/2013,313671.7524,350000,404052.6253,12.79563738,0.213505581
29/08/2013,313617.7589,350000,403999.2919,12.79553722,0.213543404
30/08/2013,313565.9432,350000,403939.8167,12.79543437,0.213570908
31/08/2013,313509.9155,350000,403879.0925,12.79533168,0.213598686
1/09/2013,313454.2071,350000,403805.789,12.79522129,0.213621824
2/09/2013,313403.9783,350000,403740.4927,12.79512179,0.213648739
3/09/2013,313361.5239,350000,403675.4296,12.79502733,0.21367856
4/09/2013,313332.5172,350000,403603.285,12.79494265,0.213707163
5/09/2013,313317.404,350000,403532.5045,12.79486803,0.213736774
6/09/2013,313316.0002,350000,403452.0276,12.79480243,0.213767177
7/09/2013,313321.7284,350000,403354.6504,12.79474072,0.213800191
8/09/2013,313327.1534,350000,403232.3209,12.79467774,0.213833188
9/09/2013,313324.611,350000,403053.8422,12.79460319,0.213869473
10/09/2013,313313.7381,350000,402820.2368,12.79451875,0.213905786
11/09/2013,313301.3579,350000,402513.881,12.79442423,0.213937128
12/09/2013,313282.0454,350000,402157.9809,12.79432838,0.213970464
13/09/2013,313265.7469,350000,401750.9168,12.79422401,0.213991442
14/09/2013,313255.5205,350000,401336.3963,12.79412189,0.21400492
15/09/2013,313251.5489,350000,400951.9022,12.79402531,0.214010844
16/09/2013,313256.4709,350000,400617.0805,12.7939368,0.214006541
17/09/2013,313264.3246,350000,400359.5987,12.79385208,0.213997066
18/09/2013,313277.2159,350000,400180.9943,12.79377658,0.213986715
19/09/2013,313297.4644,350000,400070.2743,12.79371278,0.213977424
20/09/2013,313332.3045,350000,400021.8546,12.79366854,0.213966733
21/09/2013,313380.2406,350000,400000,12.79364328,0.213961571
22/09/2013,313442.521,350000,400000,12.79364231,0.213962163
23/09/2013,313519.7186,350000,400000,12.79366281,0.213966666
24/09/2013,313604.71,350000,400000,12.79371923,0.213995616
25/09/2013,313695.217,350000,400000,12.79380893,0.214044638
26/09/2013,313782.4582,350003.4215,400000,12.79392725,0.214120295
27/09/2013,313867.0347,350014.9708,400000,12.79410375,0.214253705
28/09/2013,313948.3866,350053.6396,400000,12.79432764,0.214433185
29/09/2013,314030.2921,350129.5726,400000,12.79459967,0.214650757
30/09/2013,314114.2138,350303.1541,400000,12.79491507,0.214900863
1/10/2013,314201.1055,350566.9283,400000,12.79525839,0.21516599
2/10/2013,314292.18,350941.8031,400000,12.79561114,0.215424753
3/10/2013,314381.3866,351410.9092,400000,12.79595039,0.215664096
4/10/2013,314472.2727,351956.6334,400012.3693,12.79631996,0.215929045
5/10/2013,314559.9603,352527.1183,400035.4426,12.79669087,0.21620017
6/10/2013,314642.4829,353072.045,400077.5211,12.79709019,0.216512485
7/10/2013,314720.1161,353550.4999,400137.472,12.79752238,0.216875199
8/10/2013,314789.2374,353942.9724,400224.538,12.79797062,0.217268461
9/10/2013,314853.0177,354241.2842,400332.1037,12.79843472,0.217688208
10/10/2013,314895.8948,354461.289,400443.1432,12.79886969,0.218097247
11/10/2013,314923.3681,354594.7298,400535.5989,12.79924795,0.21845585
12/10/2013,314929.9758,354700.6829,400642.8959,12.79956245,0.218755921
13/10/2013,314924.5582,354772.3738,400731.0539,12.7998121,0.218999314
14/10/2013,314903.869,354826.2505,400850.5072,12.80001366,0.219202695
15/10/2013,314881.5305,354860.5892,400986.7843,12.80015525,0.219355035
16/10/2013,314868.1842,354889.8699,401158.8708,12.80029681,0.219509553
17/10/2013,314866.9503,354917.7227,401359.3055,12.80043569,0.219666158
18/10/2013,314877.6984,354953.3567,401583.2526,12.80057644,0.219821948
19/10/2013,314894.1109,354992.3859,401727.2616,12.80070488,0.219972223
20/10/2013,314915.4879,355022.8059,401824.1281,12.80082274,0.220127317
21/10/2013,314940.3347,355049.6405,401859.1974,12.80093706,0.220285798
22/10/2013,314956.8243,355067.8569,401882.0703,12.80104966,0.22045301
23/10/2013,314964.001,355067.1185,401886.3,12.80115788,0.220626037
24/10/2013,314959.6033,355055.6206,401963.8842,12.80127106,0.220807179
25/10/2013,314954.3658,355044.2352,402114.0074,12.80139819,0.220992405
26/10/2013,314941.9805,355043.1355,402363.0841,12.80153538,0.221179057
27/10/2013,314930.374,355069.5166,402667.906,12.80168602,0.221357799
28/10/2013,314922.6142,355131.9694,402973.9194,12.8018479,0.221523655
29/10/2013,314921.6284,355238.7376,403194.1613,12.80202025,0.221683046
30/10/2013,314930.0961,355364.8459,403357.9628,12.80220857,0.221825989
31/10/2013,314941.1675,355539.5294,403373.8455,12.80239352,0.221970133
1/11/2013,314955.7456,355745.5043,403257.3221,12.80257777,0.222115731
2/11/2013,314969.3487,355974.3132,403020.4465,12.80275128,0.222267228
3/11/2013,314982.2643,356228.3003,402717.5462,12.80291365,0.222427624
4/11/2013,314990.006,356508.2038,402423.7358,12.80306601,0.222600921
5/11/2013,314993.7715,356797.9878,402156.2032,12.80320095,0.222785459
6/11/2013,314993.9483,357084.5181,401967.2175,12.80333099,0.222981006
7/11/2013,314994.817,357348.3774,401891.6776,12.80346205,0.223184025
8/11/2013,314995.9263,357574.949,401938.8407,12.80360276,0.223390277
9/11/2013,314996.9489,357738.5979,402010.5062,12.8037192,0.22358713
10/11/2013,314997.7238,357872.183,402051.3321,12.80382619,0.223784239
11/11/2013,314988.2226,357936.3656,402043.8463,12.80390162,0.223960613
12/11/2013,314963.7952,357966.8126,401922.4806,12.80393598,0.224147679
13/11/2013,314930.4769,357986.915,401706.2686,12.80394753,0.224345751
14/11/2013,314884.6303,358005.606,401437.1934,12.80394583,0.224561989
15/11/2013,314829.8946,358028.5771,401150.3665,12.80395085,0.224801961
16/11/2013,314774.306,358068.6401,400936.0058,12.80399061,0.225064046
17/11/2013,314727.1909,358123.6353,400809.6851,12.80407572,0.225334406
18/11/2013,314695.0122,358186.8321,400763.8666,12.80420395,0.225598784
19/11/2013,314680.6286,358252.3374,400779.5745,12.80436369,0.225837196
20/11/2013,314684.3767,358321.9412,400883.7282,12.80455905,0.226043126
21/11/2013,314704.4797,358379.7752,401028.4207,12.80475932,0.226207888
22/11/2013,314741.0943,358437.9393,401154.3064,12.80497018,0.226337731
23/11/2013,314784.4004,358487.2118,401341.9804,12.80517239,0.226437229
24/11/2013,314826.526,358534.4244,401537.5085,12.80536692,0.226519202
25/11/2013,314869.64,358581.289,401744.77,12.80555908,0.226589374
26/11/2013,314909.3663,358632.7093,402004.2811,12.80576151,0.226644745
27/11/2013,314941.9479,358687.2698,402286.9082,12.80596452,0.226686572
28/11/2013,314965.9547,358747.7354,402591.512,12.80617089,0.226711033
29/11/2013,314982.108,358814.6508,402913.2379,12.80636829,0.226730954
30/11/2013,314991.9748,358891.1364,403244.2269,12.80656558,0.226751774
1/12/2013,314996.5965,358974.9569,403560.1377,12.80675324,0.226780277
2/12/2013,314997.8712,359076.8493,403860.3615,12.80707344,0.227028695
3/12/2013,315001.1872,359189.9371,404167.0701,12.80750176,0.227463153
4/12/2013,315006.0567,359314.3604,404442.1082,12.80807948,0.22812997
5/12/2013,315015.7597,359446.9906,404729.871,12.80882431,0.229035817
6/12/2013,315027.4813,359581.6074,405009.625,12.80969807,0.230121938
7/12/2013,315043.0257,359705.3354,405239.8029,12.81061173,0.231272429
8/12/2013,315065.6732,359812.3311,405440.322,12.81147572,0.232345854
9/12/2013,315093.8341,359894.5278,405580.1885,12.81219969,0.233236041
10/12/2013,315124.325,359951.2054,405659.8729,12.81275064,0.233893933
11/12/2013,315159.2812,359983.5515,405692.3754,12.81312867,0.234342676
12/12/2013,315199.4829,360000,405713.1042,12.81338482,0.234636467
13/12/2013,315247.2023,360000,405731.788,12.81349638,0.234734942
14/12/2013,315302.4219,360000,405798.8668,12.81362196,0.234837542
15/12/2013,315370.0103,360000,405914.09,12.81376322,0.234942983
16/12/2013,315459.5458,360000,406045.8019,12.81391655,0.235038276
17/12/2013,315588.3942,360000,406166.7422,12.81406763,0.235106796
18/12/2013,315748.1492,360000,406254.3481,12.81420875,0.235153288
19/12/2013,315936.7162,360000,406290.4166,12.81433388,0.23517633
20/12/2013,316147.7803,360000,406276.2383,12.81443936,0.235178998
21/12/2013,316366.8487,360000,406225.011,12.8145276,0.235166421
22/12/2013,316571.2733,360000,406168.5474,12.81460401,0.235153674
23/12/2013,316744.4127,360000,406142.3351,12.8146847,0.235156427
24/12/2013,316877.5764,360000,406164.122,12.81478118,0.235181229
25/12/2013,316973.0182,360000,406241.0908,12.81490461,0.235229361
26/12/2013,317037.9592,360000,406362.8211,12.81505568,0.235294698
27/12/2013,317079.1306,360000,406518.9728,12.81523203,0.235372004
28/12/2013,317107.1645,360000,406690.989,12.81543659,0.235458288
29/12/2013,317141.0878,360000,406842.09,12.81566528,0.235532627
30/12/2013,317179.5607,360000,406965.1397,12.81590672,0.235594426
31/12/2013,317222.4324,360000,407063.3675,12.81616561,0.235646051
1/01/2014,317268.1584,360000,407140.4957,12.81643766,0.23569092
2/01/2014,317314.6971,360000,407206.2563,12.81672247,0.235738337
3/01/2014,317369.9238,360000,407265.8748,12.81701308,0.235790082
4/01/2014,317431.9249,360000,407329.3962,12.81730034,0.235854388
5/01/2014,317506.8565,360000,407397.0632,12.81757377,0.23593227
6/01/2014,317608.0432,360011.0512,407466.336,12.81783239,0.236019073
7/01/2014,317771.4886,360040.6607,407546.424,12.81810806,0.236112409
8/01/2014,317988.4956,360110.4786,407632.1079,12.81839337,0.236197837
9/01/2014,318260.3727,360224.0436,407726.689,12.81869902,0.236281304
10/01/2014,318577.3568,360386.5371,407832.5666,12.81904267,0.236358691
11/01/2014,318915.1435,360597.7615,407946.968,12.81941669,0.236436888
12/01/2014,319240.2655,360841.0423,408067.5229,12.81980707,0.236520219
13/01/2014,319520.8542,361091.4385,408185.567,12.82018553,0.23660964
14/01/2014,319731.7863,361324.7665,408302.8403,12.82053634,0.236708201
15/01/2014,319875.723,361525.8065,408416.0941,12.82085299,0.23681521
16/01/2014,319960.6082,361724.6706,408551.949,12.82122631,0.236971822
17/01/2014,320000,361915.2771,408706.6165,12.82164848,0.237170842
18/01/2014,320000,362123.9891,408881.2913,12.82214557,0.237423861
19/01/2014,320000,362352.1204,409083.0946,12.82275787,0.237732807
20/01/2014,320000,362615.1968,409297.1996,12.82346165,0.238083522
21/01/2014,320000,362897.7139,409504.3035,12.82420738,0.23845167
22/01/2014,320000,363197.5749,409683.9384,12.82494677,0.238798312
23/01/2014,320000,363487.4809,409823.044,12.82562752,0.239100065
24/01/2014,320000,363762.8729,409918.6618,12.82622487,0.239337496
25/01/2014,320000,364003.4013,409972.0788,12.8267403,0.23951484
26/01/2014,320000,364231.7021,410097.3014,12.82719893,0.239651122
27/01/2014,320000,364415.6131,410285.9835,12.82757592,0.239741958
28/01/2014,320000,364574.6919,410601.1344,12.82794922,0.239835039
29/01/2014,320000,364700.0069,411062.9092,12.82831381,0.239931715
30/01/2014,320000,364798.343,411658.2047,12.82868199,0.240044348
31/01/2014,320000,364868.6267,412333.2915,12.82903616,0.240148602
1/02/2014,320000,364917.8786,413016.5902,12.82938473,0.240243197
2/02/2014,320000,364940.9951,413637.1821,12.82971673,0.240318893
3/02/2014,320000,364962.8557,414145.953,12.83003605,0.240367184
4/02/2014,320000,364979.5134,414524.6535,12.83035708,0.240400449
5/02/2014,320000,365000,414781.8045,12.83066555,0.240412846
6/02/2014,320000,365000,414894.4956,12.8309466,0.240399372
7/02/2014,320000,365000,414959.3718,12.83121793,0.240379732
8/02/2014,320000,365000,414990.3363,12.83148002,0.240355939
9/02/2014,320000,365000,415000,12.83172066,0.24032356
10/02/2014,320000,365000,415000,12.83193422,0.240275272
11/02/2014,320000,365000,415000,12.83211624,0.240206143
12/02/2014,320002.6209,365000,415000,12.8322641,0.240116116
13/02/2014,320004.752,365000,415000,12.83237753,0.240002397
14/02/2014,320007.5487,365000,415000,12.83245853,0.239869531
15/02/2014,320010.5061,365000,415000,12.83251394,0.239727922
16/02/2014,320012.811,365000,415000,12.83256494,0.239593525
17/02/2014,320015.0633,365000,415000,12.83263664,0.239486425
18/02/2014,320036.4074,365000,415000,12.83272709,0.239408045
19/02/2014,320067.607,365000,415000,12.83285928,0.239370024
20/02/2014,320122.349,365000,415000,12.83304258,0.2393734
21/02/2014,320210.9633,365000,415000,12.83325516,0.239396553
22/02/2014,320331.9211,365000,415000,12.83350866,0.239445102
23/02/2014,320491.4379,365000,415000,12.83378402,0.23945876
24/02/2014,320684.6735,365000,415000,12.83407152,0.239441822
25/02/2014,320905.922,365000,415000,12.83435994,0.239366861
26/02/2014,321147.4072,365000,415000,12.83464542,0.239232972
27/02/2014,321400.419,365000,415000,12.83493692,0.239057666
28/02/2014,321653.3577,365000,415000,12.83522225,0.238852371
1/03/2014,321891.1956,365000,415000,12.83551346,0.23864663
2/03/2014,322122.7275,365000,415000,12.83579735,0.2384597
3/03/2014,322341.1151,365000,415000,12.83608819,0.238309827
4/03/2014,322548.0647,365000,415007.5896,12.83643026,0.238233152
5/03/2014,322752.1113,365000,415019.6576,12.83679155,0.238200538
6/03/2014,322950.8163,365000,415036.8009,12.83717321,0.238223786
7/03/2014,323151.3963,365000,415060.5426,12.8375778,0.238270698
8/03/2014,323346.4733,365000,415089.3971,12.83798619,0.238337569
9/03/2014,323530.1851,365000,415113.0551,12.83835811,0.238393234
10/03/2014,323696.2264,365000,415129.3712,12.83867599,0.238427922
11/03/2014,323841.8953,365000,415134.3421,12.83893117,0.238434768
12/03/2014,323964.8098,365000,415150.1954,12.83911566,0.238415147
13/03/2014,324071.9488,365000,415182.3485,12.83926286,0.238383888
14/03/2014,324164.0767,365000,415238.0945,12.83940168,0.238366132
15/03/2014,324249.2677,365000,415327.1034,12.83953802,0.238358969
16/03/2014,324332.4358,365000,415454.6539,12.83971501,0.238393593
17/03/2014,324411.755,365000,415627.0368,12.83992056,0.238457843
18/03/2014,324494.0478,365000,415881.6429,12.84019309,0.238538875
19/03/2014,324575.7107,365000,416210.0487,12.84052375,0.238619394
20/03/2014,324655.926,365000,416630.2764,12.84091599,0.238692605
21/03/2014,324732.6591,365000,417115.0847,12.84133268,0.238747624
22/03/2014,324803.4109,365003.223,417659.4053,12.84177682,0.238791709
23/03/2014,324865.7426,365005.8436,418197.1757,12.8422111,0.238825367
24/03/2014,324916.141,365009.2827,418693.9583,12.84259879,0.238861592
25/03/2014,324977.0838,365012.9194,419077.5703,12.84291655,0.238927127
26/03/2014,325050.0227,365015.7537,419333.3797,12.84316733,0.239025431
27/03/2014,325145.2933,365016.8305,419459.1886,12.84335864,0.239152216
28/03/2014,325272.7022,365015.7537,419466.6765,12.84351426,0.239303564
29/03/2014,325428.139,365012.9194,419384.2873,12.84362863,0.239466759
30/03/2014,325608.1521,365009.2827,419273.7726,12.84373161,0.239619638
31/03/2014,325798.2066,365005.8436,419163.5137,12.8438253,0.239741592
1/04/2014,325988.3904,365003.223,419085.67,12.84392112,0.239818462
2/04/2014,326168.2697,365003.5887,419033.762,12.84399138,0.239851327
3/04/2014,326334.3021,365006.5067,419007.0316,12.84404147,0.239843528
4/04/2014,326503.8539,365010.336,418923.7267,12.84405884,0.239764022
5/04/2014,326663.3488,365014.3854,418806.3674,12.84405017,0.23961993
6/04/2014,326831.2836,365017.5414,418606.6058,12.84402558,0.239436595
7/04/2014,327003.9536,365018.7403,418308.7257,12.84397583,0.239208444
8/04/2014,327172.8452,365017.5414,417953.3504,12.84388967,0.238935718
9/04/2014,327328.2408,365014.3854,417564.1831,12.8437749,0.238644079
10/04/2014,327461.2187,365010.336,417159.5258,12.84363865,0.238356219
11/04/2014,327566.3282,365006.5067,416788.667,12.84349012,0.238094874
12/04/2014,327641.2827,365003.5887,416459.8948,12.84333395,0.237872922
13/04/2014,327694.301,365000,416200.1097,12.84318191,0.237689795
14/04/2014,327732.3025,365000,416000.1919,12.843053,0.237552452
15/04/2014,327752.9981,365000,415854.0509,12.84295591,0.237469659
16/04/2014,327773.2148,365000,415728.0137,12.84288362,0.237405763
17/04/2014,327792.5294,365000,415626.5039,12.84282834,0.237354025
18/04/2014,327811.3975,365000,415548.9358,12.84279259,0.237317279
19/04/2014,327829.1032,365000,415509.2823,12.8427822,0.237304312
20/04/2014,327842.4053,365000,415487.5173,12.84274936,0.237287494
21/04/2014,327852.0578,365000,415490.3484,12.84269945,0.237276143
22/04/2014,327853.7143,365000,415519.4014,12.84261171,0.237262856
23/04/2014,327847.8991,365000,415576.2768,12.84249229,0.237253592
24/04/2014,327837.265,365000,415629.9522,12.84234456,0.237242917
25/04/2014,327823.0407,365000,415679.648,12.84216602,0.237221657
26/04/2014,327808.9559,365000,415741.9484,12.84197933,0.237193879
27/04/2014,327797.6658,365000,415771.18,12.84179262,0.237162755
28/04/2014,327795.6926,365000,415765.1439,12.84161962,0.237115882
29/04/2014,327803.0453,365000,415726.1761,12.84145833,0.237051625
30/04/2014,327818.1979,365000,415632.3176,12.84129182,0.236962457
1/05/2014,327842.1538,365000,415537.1501,12.84114404,0.23686369
2/05/2014,327869.6245,365000,415442.5759,12.84099143,0.2367477
3/05/2014,327897.1384,365000,415324.1361,12.84084644,0.236628876
4/05/2014,327922.7117,365000,415212.6999,12.84069937,0.23650749
5/05/2014,327942.7246,365000,415123.4547,12.84055689,0.236395938
6/05/2014,327956.9833,365000,415068.0182,12.84043128,0.236305358
7/05/2014,327966.924,365000,415026.8633,12.84030394,0.236220202
8/05/2014,327974.144,365000,415005.6929,12.8401897,0.236137762
9/05/2014,327977.9254,365000,415000,12.84008208,0.236063472
10/05/2014,327981.645,365000,415000,12.83998833,0.235986117
11/05/2014,327986.0513,365000,415000,12.83991398,0.235903732
12/05/2014,327989.578,365000,415000,12.83984891,0.235815574
13/05/2014,327992.8233,365000,415000,12.83980324,0.235729334
14/05/2014,327996.5271,365000,415000,12.83976246,0.235638806
15/05/2014,327998.0352,365000,415000,12.83972118,0.235548366
16/05/2014,327998.9163,365000,415000,12.83967262,0.235455371
17/05/2014,328000,365000,415000,12.83960338,0.235349438
18/05/2014,328000,365000,415000,12.83951719,0.235236509
19/05/2014,328000,365000,415000,12.83941203,0.235115149
20/05/2014,328000,365000,415000,12.83930391,0.234996774
21/05/2014,328000,365000,415000,12.83919138,0.234882517
22/05/2014,328000,365000,415000,12.83908305,0.234781263
23/05/2014,328000,365000,414926.6291,12.83885584,0.234569596
24/05/2014,328000,364972.3201,414787.4948,12.83852714,0.234265459
25/05/2014,328000,364949.8134,414577.4418,12.83807283,0.23383951
26/05/2014,328000,364916.6957,414279.5779,12.83748219,0.233275445
27/05/2014,328000,364844.8767,413904.4117,12.83677865,0.232596302
28/05/2014,328000,364753.3596,413501.972,12.83605798,0.231867772
29/05/2014,328000,364620.7008,413099.0551,12.83538712,0.231172498
30/05/2014,328000,364449.683,412742.4397,12.83483922,0.230581868
31/05/2014,328000,364238.8673,412443.8596,12.83444024,0.230122525
1/06/2014,328000,363994.1747,412195.0583,12.83417744,0.229793892
2/06/2014,328000,363733.0167,411988.4772,12.83401673,0.229568921
3/06/2014,328000,363465.5252,411846.5864,12.8339742,0.229476585
4/06/2014,328000,363222.2722,411713.1088,12.8339203,0.2293926
5/06/2014,328000,362971.5808,411582.6016,12.83385622,0.229313786
6/06/2014,328000,362750.6018,411467.8715,12.83378834,0.229241076
7/06/2014,328000,362583.93,411385.6326,12.83373434,0.229170489
8/06/2014,328000,362420.3201,411315.7573,12.83368097,0.229098724
9/06/2014,328000,362272.219,411274.3466,12.83365445,0.229018809
10/06/2014,328000,362123.2544,411236.9633,12.83363965,0.228922581
11/06/2014,328000,361955.4783,411201.0899,12.83363558,0.228811887
12/06/2014,328000,361815.2157,411163.4355,12.83363671,0.228689298
13/06/2014,328000,361678.7165,411120.7936,12.83363347,0.228555931
14/06/2014,328000,361573.2387,411064.9999,12.83362194,0.228413552
15/06/2014,328000,361514.5632,410995.6371,12.83359554,0.228263997
16/06/2014,328000,361516.1785,410921.4378,12.83355728,0.228110774
17/06/2014,328000,361518.3672,410840.765,12.83351382,0.227958088
18/06/2014,328000,361501.4727,410741.8283,12.83345779,0.227803202
19/06/2014,328000,361489.6884,410643.6572,12.83340288,0.227645893
20/06/2014,328000,361399.2748,410566.0052,12.83334437,0.22751112
21/06/2014,328000,361246.2457,410521.6676,12.83331009,0.227390738
22/06/2014,328000,361054.3017,410519.1432,12.8332928,0.227291868
23/06/2014,328000,360816.5646,410556.4399,12.83327825,0.227211473
24/06/2014,328000,360602.2856,410626.1736,12.83327129,0.227144281
25/06/2014,328000,360416.0723,410710.2645,12.83327226,0.227085688
26/06/2014,328000,360271.6747,410797.1035,12.83328057,0.227025695
27/06/2014,328000,360164.6245,410858.0993,12.83328516,0.226956778
28/06/2014,328000,360117.1027,410889.3591,12.83328485,0.226874728
29/06/2014,328000,360089.9103,410891.3889,12.83328525,0.226781728
30/06/2014,328000,360058.1241,410860.8902,12.83329115,0.226683434
1/07/2014,328000,360065.9834,410823.1279,12.8333223,0.226556332
2/07/2014,328000,360066.2783,410783.8135,12.8333499,0.226422315
3/07/2014,328000,360058.9852,410746.9207,12.83339283,0.226271472
4/07/2014,328000,360046.5737,410712.4786,12.83345345,0.226104282
5/07/2014,328000,360032.6693,410662.6222,12.83349875,0.225923621
6/07/2014,328000,360020.3832,410606.6306,12.83352507,0.22573604
7/07/2014,328000,360007.3674,410527.8761,12.83352286,0.225552682
8/07/2014,328000,360002.4719,410439.5185,12.83349082,0.225379249
9/07/2014,328000,360000.3266,410344.2642,12.83343211,0.225222211
10/07/2014,328000,360000,410249.1898,12.83335172,0.225078056
11/07/2014,328000,360000,410161.624,12.83325584,0.224936074
12/07/2014,328000,360000,410067.8264,12.83314654,0.224798998
13/07/2014,328000,360000,409988.1641,12.83304948,0.224658023
14/07/2014,328005.0886,360000,409938.2825,12.83303916,0.224594723
15/07/2014,328009.2261,360000,409905.3698,12.83310011,0.224592317
16/07/2014,328055.4692,360037.7397,409918.6932,12.83333478,0.224653846
17/07/2014,328141.9307,360106.0668,409966.3772,12.83372848,0.224790975
18/07/2014,328286.7433,360235.6706,410039.4621,12.83427447,0.224961409
19/07/2014,328490.6263,360421.8168,410130.6418,12.83493715,0.225124582
20/07/2014,328745.8985,360663.7318,410218.2861,12.83564129,0.225225448
21/07/2014,329027.454,360918.7668,410276.9681,12.83629666,0.225231261
22/07/2014,329297.8823,361129.6964,410290.7945,12.83681855,0.2251421
23/07/2014,329517.298,361261.6325,410254.915,12.83716664,0.224977496
24/07/2014,329666.1841,361282.8416,410176.2844,12.83733729,0.224773542
25/07/2014,329743.781,361197.3649,410060.7507,12.83732009,0.224519002
26/07/2014,329773.679,361051.5917,409949.0176,12.83724691,0.224288406
27/07/2014,329753.2309,360863.1091,409835.0453,12.83710049,0.224080945
28/07/2014,329737.7044,360743.398,409741.9106,12.83698371,0.223877494
29/07/2014,329739.2234,360724.8413,409678.2241,12.83691712,0.223681853
30/07/2014,329768.8166,360841.9152,409643.5929,12.83692614,0.223499187
31/07/2014,329816.7622,361064.9223,409632.7292,12.83699437,0.223339433
1/08/2014,329871.0273,361384.6886,409648.7211,12.83712359,0.223218968
2/08/2014,329909.2482,361661.2619,409646.2706,12.83714701,0.223011493
3/08/2014,329940.3023,361850.9253,409624.4734,12.83706668,0.222743069
4/08/2014,329944.448,361949.3003,409561.5541,12.83682523,0.222362272
5/08/2014,329930.3058,361937.1366,409447.626,12.83640743,0.221852439
6/08/2014,329906.8595,361836.2015,409281.2779,12.8358199,0.221233519
7/08/2014,329887.7632,361727.4757,409087.922,12.83516868,0.22056576
8/08/2014,329877.7566,361606.7258,408894.9035,12.83454789,0.219926224
9/08/2014,329879.2299,361526.0137,408727.7646,12.83404676,0.219394206
10/08/2014,329890.6313,361516.6772,408598.3991,12.83369748,0.218998848
11/08/2014,329909.74,361543.1438,408515.7508,12.83351,0.218742802
12/08/2014,329932.1051,361586.2909,408468.2497,12.83344354,0.218590604
13/08/2014,329959.2971,361676.6665,408465.1208,12.83352865,0.218570044
14/08/2014,329973.523,361751.212,408456.3675,12.83359283,0.218545396
15/08/2014,329978.6292,361802.4284,408445.2412,12.83364297,0.218521263
16/08/2014,329977.7219,361874.4495,408429.5041,12.83367929,0.218491283
17/08/2014,329970.727,361962.3651,408415.3507,12.8337185,0.218459262
18/08/2014,329960.8689,362060.9582,408404.474,12.83376636,0.21842797
19/08/2014,329952.2841,362202.203,408400.6424,12.83383196,0.218400636
20/08/2014,329949.0227,362357.2887,408407.7321,12.83392549,0.21837695
21/08/2014,329952.2841,362517.5853,408428.9692,12.83405471,0.218359148
22/08/2014,329960.8689,362705.1047,408461.9676,12.83421343,0.218348926
23/08/2014,329971.884,362877.8055,408497.8934,12.83437157,0.218345136
24/08/2014,329982.3006,363035.8539,408533.9244,12.8345258,0.218346982
25/08/2014,329990.2381,363165.0897,408570.8367,12.83467466,0.218355323
26/08/2014,330000,363263.4381,408601.8579,12.83480047,0.218368587
27/08/2014,330000,363328.0851,408625.9458,12.83489831,0.218385301
28/08/2014,330000,363394.7396,408646.207,12.83498201,0.218405362
29/08/2014,330000,363453.349,408664.8297,12.83505448,0.218422984
30/08/2014,330000,363508.4653,408681.6527,12.8351178,0.218437432
31/08/2014,330000,363552.6882,408695.8683,12.83517012,0.218444484
1/09/2014,330000,363567.5449,408708.3242,12.83521296,0.218447789
2/09/2014,330000,363532.1665,408707.5892,12.83522272,0.218445955
3/09/2014,330000,363459.8871,408699.1256,12.83521755,0.218447686
4/09/2014,330000,363358.4297,408681.4573,12.83519438,0.218457399
5/09/2014,330000,363240.7287,408656.5246,12.83516438,0.218481314
6/09/2014,330000,363135.6048,408629.6196,12.83514077,0.218519998
7/09/2014,330000,363074.0479,408609.1088,12.83514555,0.21857403
8/09/2014,330000,363060.8213,408603.5805,12.83521374,0.218686196
9/09/2014,330000,363122.692,408618.8582,12.8353555,0.218836958
10/09/2014,330000,363230.4681,408653.4685,12.83556555,0.219030992
11/09/2014,330000,363375.8269,408708.4372,12.83584453,0.219268823
12/09/2014,330000,363560.5277,408774.4916,12.83616627,0.219532188
13/09/2014,330000,363756.1525,408849.5501,12.83651517,0.21980061
14/09/2014,330000,363951.017,408922.01,12.83685432,0.220048731
15/09/2014,330000,364137.9873,408987.634,12.83716466,0.220257752
16/09/2014,330000,364299.7251,409048.5784,12.83744396,0.220427333
17/09/2014,330000,364433.9368,409103.3881,12.83768857,0.220559638
18/09/2014,330000,364529.475,409154.3078,12.83790533,0.220667928
19/09/2014,330000,364599.9152,409206.263,12.8381116,0.220751827
20/09/2014,330000,364636.4851,409260.0681,12.83832068,0.220852076
21/09/2014,330000,364650.7876,409318.5842,12.83854242,0.220963989
22/09/2014,330000,364668.1632,409384.6666,12.83879089,0.221091534
23/09/2014,330000,364687.1696,409474.3211,12.83910091,0.221235767
24/09/2014,330000,364731.31,409581.4246,12.83944687,0.221378163
25/09/2014,330000,364781.211,409705.4473,12.83982365,0.221517129
26/09/2014,330000,364830.8861,409830.86,12.84022225,0.221644206
27/09/2014,330000,364885.1355,409949.2886,12.84060537,0.221730629
28/09/2014,330000,364926.5459,410047.3055,12.84095309,0.221779611
29/09/2014,330000,364955.791,410124.8941,12.84125117,0.22178373
30/09/2014,330000,364968.2676,410176.5575,12.8414868,0.221745874
1/10/2014,330000,364979.2981,410199.1825,12.84170029,0.221692422
2/10/2014,330000,364992.9781,410215.236,12.84188848,0.221609104
3/10/2014,330000,364995.5796,410228.5347,12.84207024,0.221513733
4/10/2014,330000,364997.562,410224.2096,12.8421881,0.221368584
5/10/2014,330000,365000,410220.0613,12.84229281,0.221196215
6/10/2014,330000,365000,410201.893,12.84233553,0.22097426
7/10/2014,330000,365000,410180.3368,12.84232046,0.220714088
8/10/2014,330000,365000,410151.8627,12.842272,0.220448134
9/10/2014,330000,365000,410130.1972,12.84222559,0.220202192
10/10/2014,330000,365000,410122.0393,12.84222442,0.220012489
11/10/2014,330000,365000,410144.6462,12.84231123,0.219902103
12/10/2014,330000,365000,410208.6181,12.84249572,0.219870518
13/10/2014,330000,365000,410294.7084,12.8427821,0.219917039
14/10/2014,330000,365000,410385.9447,12.84312309,0.219995335
15/10/2014,330000,365000,410490.011,12.84352808,0.220110046
16/10/2014,330000,365000,410583.5373,12.84392492,0.220206611
17/10/2014,330000,365000,410667.8854,12.84431294,0.220284125
18/10/2014,330000,365000,410741.4783,12.84468313,0.220343211
19/10/2014,330000,365000,410816.6863,12.84504648,0.220389539
20/10/2014,330000,365000,410906.1024,12.8454049,0.22042531
21/10/2014,330000,365002.8351,411020.9629,12.84576546,0.220457304
22/10/2014,330000,365009.4516,411155.4951,12.84612825,0.22048933
23/10/2014,330000,365033.3778,411314.6616,12.84650303,0.220525059
24/10/2014,330000,365070.4144,411494.3513,12.84688562,0.220564585
25/10/2014,330000,365127.8651,411695.2276,12.84727893,0.220608538
26/10/2014,330000,365217.4667,411939.6835,12.84776836,0.220784765
27/10/2014,330000,365336.9795,412225.5159,12.84833674,0.221070275
28/10/2014,330000,365485.5471,412564.4831,12.84900732,0.221496171
29/10/2014,330000,365662.1941,412954.9839,12.84978423,0.222069852
30/10/2014,330000,365875.0454,413378.2934,12.85065374,0.2227681
31/10/2014,330000,366115.325,413800.9339,12.85156547,0.223521364
1/11/2014,330000,366371.9681,414184.5252,12.85246007,0.224248481
2/11/2014,330000,366641.2481,414504.8011,12.85329269,0.224879734
3/11/2014,330000,366906.512,414743.9492,12.85403215,0.225385077
4/11/2014,330000,367164.6199,414902.3869,12.85468391,0.225757807
5/11/2014,330000,367400.2428,415012.7607,12.85526545,0.226028197
6/11/2014,330000,367604.764,415085.8699,12.85573584,0.226160491
7/11/2014,330000,367780.4991,415172.8149,12.85618029,0.226273678
8/11/2014,330000,367943.375,415283.5834,12.85659167,0.226365085
9/11/2014,330000,368085.8165,415431.1815,12.85696942,0.226439271
10/11/2014,330000,368219.7169,415614.3072,12.85731153,0.226498994
11/11/2014,330000,368353.0068,415862.613,12.85765283,0.226543566
12/11/2014,330000,368486.1805,416154.998,12.85800264,0.226579838
13/11/2014,330000,368610.5252,416502.1313,12.85837747,0.22660984
14/11/2014,330000,368721.7924,416920.5399,12.85878438,0.226629631
15/11/2014,330000,368816.2325,417392.8352,12.8592187,0.226644488
16/11/2014,330000,368889.2498,417890.9482,12.85966651,0.226649836
17/11/2014,330000,368940.1702,418385.1712,12.86011911,0.226651804
18/11/2014,330000,368975.0909,418845.9627,12.86055007,0.226657891
19/11/2014,330000,368999.8744,419333.8076,12.86094829,0.226668448
20/11/2014,330000,369033.8389,419862.9682,12.86131402,0.226682952
21/11/2014,330000,369080.8686,420450.0239,12.86165933,0.226704273
22/11/2014,330000,369156.12,421113.2517,12.86198561,0.226739442
23/11/2014,330000,369259.3802,421884.749,12.86231442,0.226779097
24/11/2014,330000,369385.5188,422704.9205,12.86264784,0.226825689
25/11/2014,330000,369523.4787,423494.0407,12.86299357,0.2268825
26/11/2014,330000,369658.7181,424181.7585,12.86333759,0.226956907
27/11/2014,330000,369777.5928,424712.891,12.86368156,0.22704407
28/11/2014,330000,369871.269,425071.4264,12.864016,0.22714136
29/11/2014,330000,369937.4004,425284.5368,12.86436169,0.227221335
30/11/2014,330000,369973.9461,425350.3298,12.86472913,0.22728335
1/12/2014,330000,369993.6783,425357.4354,12.86513207,0.227316678
2/12/2014,330000,369999.3513,425357.2803,12.86542864,0.227129559
3/12/2014,330000,370000,425359.8779,12.86565569,0.22676392
4/12/2014,330000,370000,425366.6317,12.86576756,0.226188491
5/12/2014,330000,370000,425377.0495,12.86573297,0.225411793
6/12/2014,330000,370000,425382.8295,12.86556529,0.224499647
7/12/2014,330000,370000,425394.1729,12.86533411,0.223555667
8/12/2014,330000,370000,425404.6691,12.86511841,0.222706715
9/12/2014,330000,370000,425418.7136,12.86500252,0.222045206
10/12/2014,330000,370068.4143,425434.7765,12.8650244,0.22162464
11/12/2014,330000,370209.1396,425453.6586,12.86518763,0.221403667
12/12/2014,330000,370398.0273,425483.3841,12.86544091,0.221331879
13/12/2014,330000,370676.1093,425529.1441,12.86582307,0.2214469
14/12/2014,330000,371041.6753,425588.4191,12.86617169,0.221557518
15/12/2014,330000,371487.9985,425670.6297,12.86648667,0.221662721
16/12/2014,330000,371938.3361,425791.1149,12.86677398,0.221774041
17/12/2014,330000,372418.0882,425978.7398,12.86706274,0.221892399
18/12/2014,330000,372891.5606,426234.7021,12.86737814,0.222026726
19/12/2014,330000,373346.6911,426563.2727,12.86773056,0.222177332
20/12/2014,330000,373769.6392,426965.7469,12.86813538,0.222349137
21/12/2014,330000,374111.2744,427433.0022,12.86858375,0.222532652
22/12/2014,330000,374401.4349,427938.2623,12.86906757,0.222725336
23/12/2014,330000,374653.4872,428443.8489,12.86956819,0.222913006
24/12/2014,330000,374819.2449,428903.6075,12.87002345,0.223052644
25/12/2014,330000,374915.3656,429303.9318,12.87043578,0.223154412
26/12/2014,330000,374957.9575,429679.867,12.87091424,0.223316755
27/12/2014,330000,375000,430022.9395,12.87144229,0.223517956
28/12/2014,330000,375000,430367.0607,12.87206171,0.223806146
29/12/2014,330000,375000,430744.1901,12.8728058,0.224202957
30/12/2014,330000,375000,431170.2925,12.87367369,0.224701327
31/12/2014,330000,375000,431645.9912,12.87460315,0.225253685
1/01/2015,330000,375000,432135.872,12.87551411,0.225788124
2/01/2015,330000,375000,432610.7283,12.87632926,0.226236205
3/01/2015,330000,375000,433048.7679,12.87701025,0.226564191
4/01/2015,330000,375000,433454.1851,12.87756697,0.226789316
5/01/2015,330000,375000,433786.4001,12.8779962,0.226905968
6/01/2015,330000,375000,434052.2874,12.87828063,0.226904177
7/01/2015,330000,375000,434262.4047,12.87850038,0.226887405
8/01/2015,330000,375000,434418.9239,12.87866649,0.226861997
9/01/2015,330000,375000,434537.4852,12.87878208,0.226835662
10/01/2015,330000,375000,434617.3915,12.87885078,0.226810897
11/01/2015,330000,375000,434663.2515,12.87888237,0.226780757
12/01/2015,330000,375000,434703.5566,12.87890475,0.226753985
13/01/2015,330000,375000,434745.9387,12.87895227,0.226735931
14/01/2015,330000,375000,434782.2034,12.87904644,0.226729957
15/01/2015,330000,375000,434812.2638,12.87918575,0.226729042
16/01/2015,330000,375000,434777.4445,12.87929291,0.226701135
17/01/2015,330000,375000,434665.8143,12.87936865,0.226648823
18/01/2015,330000,375000,434491.7598,12.87938988,0.226562069
19/01/2015,330000,375000,434255.794,12.87931773,0.226435668
20/01/2015,330000,375000,433979.7311,12.87916493,0.226273775
21/01/2015,330000,375000,433730.7419,12.87897894,0.226097775
22/01/2015,330000,375000,433557.6598,12.87882279,0.225936772
23/01/2015,330000,375000,433476.9338,12.87873627,0.225805445
24/01/2015,330000,375000,433502.5426,12.87874383,0.225716551
25/01/2015,330000,375000,433622.4831,12.87882321,0.22565154
26/01/2015,330000,375000,433799.2475,12.87896932,0.225613456
27/01/2015,330000,375000,434032.6441,12.87918695,0.225602744
28/01/2015,330000,375000,434241.1064,12.87938239,0.225570747
29/01/2015,330000,375000,434431.1001,12.87956678,0.225525137
30/01/2015,330000,375000,434588.1703,12.87972722,0.225459267
31/01/2015,330000,375000,434721.3706,12.87988765,0.225391103
1/02/2015,330000,375000,434814.4534,12.88004845,0.225324175
2/02/2015,330000,375000,434879.2808,12.88019859,0.22525315
3/02/2015,330000,375000,434930.3057,12.8803511,0.225191821
4/02/2015,330000,375000,434960.9219,12.88049526,0.225134856
5/02/2015,330000,375000,434977.0764,12.8806336,0.225086097
6/02/2015,330000,375000,434985.4099,12.88074253,0.225028457
7/02/2015,330000,375000,434991.8527,12.88082981,0.224966004
8/02/2015,330000,375000,434999.5532,12.88090414,0.224904921
9/02/2015,330000,375000,435000,12.88096159,0.224839401
10/02/2015,330000,375000,435000,12.88101584,0.224777698
11/02/2015,330000,375000,435000,12.88106664,0.224717642
12/02/2015,330000,375000,435000,12.8811194,0.224662137
13/02/2015,330000,375000,435000,12.88118561,0.224618471
14/02/2015,330000,375000,435002.3321,12.88126743,0.224578901
15/02/2015,330000.7612,375000,435007.1914,12.8813622,0.224542013
16/02/2015,330051.4864,375000,435012.7855,12.88147051,0.224494194
17/02/2015,330146.7587,375000,435020.6937,12.88159555,0.224439779
18/02/2015,330301.3526,375000,435030.5047,12.88172861,0.224373333
19/02/2015,330524.6972,375000,435040.9679,12.88186039,0.224291781
20/02/2015,330810.1285,375000,435051.3954,12.8819818,0.224195316
21/02/2015,331131.6594,375000,435062.1427,12.88208581,0.224089571
22/02/2015,331459.2629,375000,435072.8617,12.88216866,0.223980742
23/02/2015,331733.7347,375000,435090.2417,12.88223263,0.223906465
24/02/2015,331949.3528,375000,435113.1849,12.88227785,0.223857843
25/02/2015,332086.4878,375000,435141.7021,12.88230512,0.223852216
26/02/2015,332143.9361,375000,435176.1831,12.88232104,0.223890957
27/02/2015,332120.0418,375000,435216.7498,12.88233534,0.223975324
28/02/2015,332076.3659,375000,435258.1373,12.88234714,0.224077647
1/03/2015,332058.6101,375000,435296.2495,12.88235082,0.224175378
2/03/2015,332078.9082,375000,435329.7663,12.88235662,0.224255744
3/03/2015,332157.9494,375000,435358.5336,12.88237141,0.224306944
4/03/2015,332302.1413,375000,435395.7113,12.88239772,0.224323684
5/03/2015,332495.509,375000,435466.5978,12.88244342,0.224312896
6/03/2015,332725.5392,375000,435543.2161,12.88249579,0.224263691
7/03/2015,332938.052,375000,435666.1868,12.8825621,0.224213447
8/03/2015,333124.6499,375000,435823.5648,12.8826287,0.224152783
9/03/2015,333276.5264,375000,436049.3427,12.88270277,0.224094533
10/03/2015,333390.3215,375000,436316.8303,12.88275959,0.224030114
11/03/2015,333481.2606,375000,436642.4598,12.88280138,0.223959682
12/03/2015,333539.7539,375000,436970.7044,12.88282211,0.223889705
13/03/2015,333604.4511,375000,437265.7012,12.88281852,0.223800794
14/03/2015,333667.8504,375000,437502.4172,12.88278759,0.22369487
15/03/2015,333729.9542,375000,437652.18,12.88273684,0.223572698
16/03/2015,333795.4936,375000,437637.4974,12.8826495,0.223422209
17/03/2015,333870.22,375000,437533.3032,12.88255301,0.223254713
